,latitude,longitude,mean_temp,annual_prcp
0,29.95,-101.15,19.856770512148497,29827.0
1,33.8186,-97.7336,17.683142554770537,194561.0
2,29.9167,-95.15,20.359568370702153,535937.0
3,31.1167,-97.7,19.325348724134898,239977.0
4,29.7167,-95.2167,20.36121976082785,48200.0
5,31.8092,-95.1428,18.4886947551947,952183.0
6,31.9206,-102.3867,18.536064158812145,72898.0
7,35.55,-100.4167,18.61264517061379,25980.0
8,27.0833,-98.5833,22.57464917565756,38929.0
9,29.4744,-103.4061,19.065405124091978,52403.0
10,28.8647,-95.5678,21.390368934868814,
11,30.3208,-97.7603,20.48405962545003,711585.0
12,32.7667,-96.7833,18.705749325218985,229301.0
13,29.0667,-97.2833,21.5279204249669,46449.0
14,30.5997,-103.8869,16.446007558760275,416639.0
15,29.1,-98.6833,21.256334293007793,126379.0
16,31.8278,-99.4319,18.65118199424093,863423.0
17,31.5517,-99.7083,19.05483734824902,124313.0
18,32.5589,-96.2725,18.534271586716898,1106373.0
19,30.3764,-103.66,17.097342414922835,367901.0
20,29.1853,-102.9622,21.820662301414302,127763.0
21,30.85,-93.7667,18.83681457333763,136255.0
22,29.3286,-103.5531,22.01075677849265,28510.0
23,30.9856,-101.1578,18.213959545993543,
24,29.6381,-95.2819,20.925566013747815,1124691.0
25,30.3567,-95.4139,19.97336389278723,280313.0
26,35.2328,-101.7092,14.037143912857879,10964.0
27,31.78,-105.47,15.883347932301605,150358.0
28,31.6481,-94.8997,19.567345874946877,207107.0
29,29.2358,-98.8433,20.951556951249664,221731.0
30,33.6667,-97.75,17.733034554027196,160419.0
31,26.5258,-98.0633,23.888782489597617,108145.0
32,30.8878,-102.3008,19.05964937663747,267576.0
33,25.9008,-97.5039,23.136575004918072,257556.0
34,28.6575,-96.5553,21.59284790579172,680093.0
35,32.7333,-100.3833,17.812702585477318,331102.0
36,28.0183,-97.0561,21.884162326720613,537751.0
37,34.25,-99.6833,8.39634004877417,3082.0
38,29.3833,-98.5833,20.799242255093155,142899.0
39,32.4333,-95.1833,18.50997007948567,30896.0
40,29.2833,-96.6333,20.418609176856883,204095.0
41,32.3989,-98.8175,17.69856748574913,650274.0
42,29.1333,-96.0333,21.231941832954043,16476.0
43,33.9544,-102.7783,14.413532215028297,188476.0
44,30.6764,-97.7208,19.03334793047099,9021.0
45,32.7333,-96.9667,19.09805232495846,447327.0
46,35.9092,-100.3883,14.955825794845714,473687.0
47,33.3192,-95.6039,18.277271057631143,163794.0
48,28.9839,-99.8683,21.124510778197234,520933.0
49,31.0372,-97.5283,19.310940148481123,533490.0
50,33.1806,-99.1897,17.773507566277562,487006.0
51,29.5439,-98.2736,20.41268517492065,154963.0
52,32.3542,-95.4025,19.439919126028293,528068.0
53,30.4833,-95.9833,20.024266286881733,599434.0
54,33.5989,-98.6544,17.76886247739343,514043.0
55,31.6667,-98.4167,29.782684948979593,267383.0
56,28.9844,-95.3808,21.386761984135262,1098799.0
57,29.35,-95.0167,20.121812965437684,72875.0
58,33.7542,-99.1442,17.805547979305164,326334.0
59,32.7047,-99.3011,18.058603650095023,832339.0
60,31.395,-95.1361,19.844033730104222,
61,32.75,-96.9667,18.628624798847593,28045.0
62,30.5403,-94.3411,19.64974067125209,
63,27.45,-98.9167,21.338786615582674,29260.0
64,34.2761,-99.7578,16.965948828582892,639307.0
65,27.7283,-98.0678,22.370774961557657,618382.0
66,36.0606,-102.5211,13.920320915132036,61175.0
67,32.5408,-98.3814,19.396109547334557,188323.0
68,30.7064,-95.5422,19.688696858251554,1394969.0
69,32.8667,-97.3667,18.816064109264964,11590.0
70,30.5864,-104.4997,16.561131576881426,142191.0
71,33.1414,-96.2933,19.749741342905406,610452.0
72,31.1847,-105.7411,17.31728547905345,122908.0
73,29.3333,-94.7667,20.11062796194632,16459.0
74,28.6078,-96.6417,22.219644495632316,96885.0
75,28.4114,-98.5294,21.79594221780694,338095.0
76,27.5,-97.8167,22.636540202221838,443233.0
77,27.7792,-97.5056,22.39555522365196,132595.0
78,28.5033,-98.8392,21.87466748840947,503108.0
79,32.8167,-95.9167,17.76276060721786,189167.0
80,30.0833,-101.1167,19.274087728820874,47143.0
81,32.55,-97.2333,-5.4994140625,256501.0
82,34.0067,-100.2989,17.10391158212398,388355.0
83,30.0317,-96.2167,20.30736640605681,423885.0
84,29.6339,-97.0644,20.793938097661613,1039245.0
85,31.0417,-104.8372,17.073214360077113,204904.0
86,31.15,-98.9167,17.155970982142858,290789.0
87,33.7569,-99.8619,17.3591046398507,363052.0
88,28.6333,-98.2667,5.871023995535714,306832.0
89,33.9333,-98.5833,12.700379210633116,181096.0
90,30.2247,-97.7328,20.33656000848928,111013.0
91,34.25,-99.5167,16.37475705614277,423340.0
92,29.4481,-102.8283,23.11113414350391,29914.0
93,32.4906,-100.1197,29.43346567622951,386260.0
94,29.0892,-97.3433,21.228150520235157,1016574.0
95,31.4625,-98.1619,18.344263797920163,393083.0
96,30.7425,-98.6542,19.26920094345282,826832.0
97,29.9167,-99.7908,17.928465690497546,416745.0
98,31.2581,-95.9744,18.962319553912913,873435.0
99,30.05,-99.15,18.107001028727076,547719.0
100,31.2667,-100.8167,18.669702138226683,228917.0
101,30.45,-95.4,19.83729988318931,
102,34.8333,-102.8167,13.721017820684962,20713.0
103,29.9333,-98.2167,4.6624755859375,45771.0
104,30.5667,-94.4,19.976187872518274,244469.0
105,31.2667,-100.6333,18.606853886198294,132407.0
106,34.1797,-102.1356,14.317171855579991,315233.0
107,29.0281,-98.5686,21.072105992552252,526690.0
108,32.9333,-96.45,19.242532251088043,43005.0
109,30.0675,-95.5561,20.838143825314557,297564.0
110,31.8983,-98.6033,19.281198040612473,680087.0
111,30.95,-95.3833,20.16145799935163,74593.0
112,27.8,-97.4,22.227463790235905,238172.0
113,31.6,-102.9,18.845642642198104,10122.0
114,31.4539,-100.4933,17.88583137141047,151181.0
115,28.6167,-96.6333,21.73227496066738,591404.0
116,29.2833,-98.05,22.873293826454564,41840.0
117,30.1383,-104.6822,19.76404738214139,211299.0
118,32.7744,-96.8214,17.638717473078263,134496.0
119,32.9264,-99.2342,17.639787449346525,176341.0
120,29.3364,-99.1386,20.821055383296102,725243.0
121,28.9122,-98.5425,19.216130094708138,452743.0
122,26.565,-98.1236,23.16747844349254,416437.0
123,29.6692,-94.4383,20.914021527080166,
124,30.9667,-100.7,16.804892242747183,113024.0
125,31.6833,-103.6,17.97685452275056,57125.0
126,32.7833,-98.2667,18.917073567708332,10483.0
127,29.36,-99.1742,20.597844783946165,284769.0
128,31.1,-97.4833,18.95995385800049,340514.0
129,31.35,-96.15,19.290284701601216,405776.0
130,32.7167,-95.3667,17.470646072793073,368000.0
131,31.9833,-99.6167,21.662109375,158105.0
132,31.7356,-102.5897,18.03912761692603,178664.0
133,26.2656,-97.8714,23.630622670576788,185839.0
134,30.3703,-103.7808,17.682206527372543,44190.0
135,30.4144,-97.7664,19.757140165530377,146954.0
136,33.2333,-97.1333,18.915427327228098,120700.0
137,26.3233,-98.3233,24.008855730836217,117160.0
138,28.9167,-96.4667,20.64375337251314,198607.0
139,31.1331,-102.2217,19.223505216658516,304567.0
140,32.7667,-96.6,19.60224726679805,7215.0
141,32.2167,-101.5167,17.674808187583057,74975.0
142,31.5,-106.15,16.776123138778114,70864.0
143,29.85,-103.75,17.74048337507476,52962.0
144,27.8381,-97.0592,22.615154174958622,296013.0
145,30.3642,-97.37,20.3721881845486,519325.0
146,35.75,-102.1833,,37323.0
147,26.2981,-98.1575,23.826709188676777,82998.0
148,30.8333,-100.5833,17.675267872542257,41300.0
149,31.0167,-93.7167,19.819298439435386,206435.0
150,33.1244,-94.1661,18.147310267327963,862123.0
151,30.75,-98.4167,19.450148764481163,125964.0
152,32.9,-102.4167,10.51852318548387,189015.0
153,28.3667,-98.1167,22.500111488948065,
154,31.7089,-98.115,18.011109739067752,394344.0
155,31.6,-94.65,18.749159948035647,864843.0
156,32.2667,-94.9833,31.201360887096776,498896.0
157,30.3367,-96.5403,19.811761543325463,548205.0
158,31.3167,-94.2833,18.446300474826717,413425.0
159,35.5333,-100.9667,14.108020652259798,189772.0
160,28.9797,-95.975,20.957813796128754,966070.0
161,31.8614,-95.2619,18.919547947331846,1317105.0
162,26.3333,-98.0167,16.65340909090909,130921.0
163,32.8667,-97.0167,18.591018007701997,64457.0
164,29.6603,-103.1736,19.94326853924487,100313.0
165,31.4667,-100.4833,18.10124605125443,113459.0
166,33.8833,-101.85,24.716481854838708,22601.0
167,26.5547,-99.1356,24.379009386815063,
168,32.6258,-101.1503,8.5966796875,376107.0
169,26.7,-98.2333,23.958853693373047,33500.0
170,31.0522,-98.5003,19.436671761203485,
171,35.1867,-102.0797,13.419680382237798,97589.0
172,33.6517,-101.245,15.540945385571096,680969.0
173,26.2167,-98.4,23.344245140020796,412937.0
174,29.9075,-96.86,20.732017130418704,
175,31.6219,-102.8072,18.895133139303535,63657.0
176,30.0969,-94.0997,20.854431344409505,1676118.0
177,32.7056,-94.7889,18.27427774468475,160017.0
178,29.4167,-98.3333,19.68913772505552,27439.0
179,31.4072,-93.7842,19.510636625316238,250094.0
180,31.5061,-99.6594,19.72673035109868,
181,30.7358,-99.1861,19.602881479923784,
182,32.7572,-97.0736,18.848438993776362,723740.0
183,27.4392,-98.8358,22.888259503865978,45511.0
184,28.4658,-98.3539,22.146211361367655,276309.0
185,32.7667,-96.7833,17.583852077174832,38271.0
186,31.8347,-105.9608,15.821077043993652,64276.0
187,33.9333,-98.6167,27.211255944293477,61960.0
188,32.1,-100.3,18.889436848958333,16522.0
189,30.5525,-104.6467,18.49117387119646,302092.0
190,30.0211,-95.7069,19.28166302849265,827909.0
191,26.4,-97.8,20.445909720493027,7872.0
192,26.0619,-97.8997,23.374943958264936,601549.0
193,26.565,-98.1203,23.29849528375073,65672.0
194,31.9433,-102.1889,17.74031993415265,332088.0
195,31.2,-101.4625,17.663036397502168,244562.0
196,33.6167,-100.8333,16.79809950330768,97220.0
197,34.8172,-102.4003,13.889694636430075,414581.0
198,33.4667,-94.4667,16.61369728330034,72600.0
199,33.3658,-97.0122,17.545658214591487,807503.0
200,31.3833,-95.1333,19.78889595566282,39684.0
201,27.5333,-99.4667,23.495343805588735,87185.0
202,30.0689,-94.2928,20.306492447097785,861120.0
203,31.35,-93.8333,18.504138515535235,314534.0
204,31.9844,-98.0311,18.647815234713665,764594.0
205,30.2333,-97.6833,19.430615623483476,124003.0
206,29.61,-100.4519,19.94704026031994,233361.0
207,29.7333,-94.9667,20.573236908783784,427579.0
208,32.9867,-97.3722,18.922161063762626,34560.0
209,32.4669,-101.0683,17.1170456293061,9133.0
210,27.8919,-97.3392,22.03630942486702,29893.0
211,32.9667,-97.6667,17.262205711801016,169242.0
212,28.3081,-96.8047,21.394041153509903,421977.0
213,30.7189,-97.3211,19.83841436782061,347629.0
214,29.4333,-95.0167,21.1843780757874,15464.0
215,29.9175,-96.8769,20.740105989576346,986226.0
216,32.0186,-102.0258,17.992806955016277,383226.0
217,32.7483,-97.77,17.678089885482063,978152.0
218,29.25,-95.55,21.016579624836343,168981.0
219,32.9733,-97.3181,18.86660970234305,207595.0
220,32.3139,-97.4061,18.918761673088706,967859.0
221,32.6406,-96.9747,19.083239140113687,370407.0
222,29.8097,-101.5603,20.898071023001002,259285.0
223,36.1333,-100.5333,,17664.0
224,29.56,-104.3728,21.09637911235867,14190.0
225,32.4317,-99.6325,18.091930129765217,140142.0
226,30.9844,-103.7403,18.10352385846018,315417.0
227,31.0,-94.95,19.38176351259237,95194.0
228,33.985,-101.3339,15.025591197519407,404123.0
229,28.6617,-97.385,21.85589018578359,869770.0
230,31.0736,-96.9789,19.791805748866942,374887.0
231,26.0814,-97.1033,23.608785391528624,146918.0
232,31.0667,-97.8333,20.104218387660833,134232.0
233,31.4,-100.4,19.505101149644307,43855.0
234,31.6728,-102.4133,18.29788338531059,49651.0
235,33.6667,-98.7833,17.690008159975392,101438.0
236,27.5683,-99.4983,23.412109589608157,306857.0
237,30.7053,-104.0233,14.49904711349752,423854.0
238,32.4667,-98.7,18.019051584035147,226176.0
239,29.3486,-103.595,21.46983205360824,44507.0
240,30.5661,-98.0389,19.881114698343847,
241,28.9069,-97.8756,21.15201606023732,640542.0
242,36.2833,-100.35,14.955155874399038,11260.0
243,28.8614,-96.9303,21.468403815828445,642904.0
244,29.7878,-94.6342,20.189463481182823,1351194.0
245,32.0161,-97.1094,18.99996529921254,1062485.0
246,33.2064,-98.1689,18.244459999161755,621187.0
247,30.15,-101.1167,18.928367884374115,53885.0
248,29.8858,-97.6917,21.671066435256808,498055.0
249,26.4644,-97.7847,22.98434574704795,713578.0
250,29.98,-95.36,20.799372381496923,669281.0
251,27.1353,-98.1203,22.658259999329612,674127.0
252,29.1333,-98.1628,20.930318423541753,715910.0
253,26.0942,-97.3094,23.356481124926066,550307.0
254,29.1853,-102.9622,21.8566980129335,36458.0
255,32.5,-100.25,17.553832501296682,151085.0
256,34.1517,-99.3256,17.886659001907404,576664.0
257,30.3236,-96.1594,19.92912432598469,743010.0
258,31.7425,-95.5717,19.30625521025543,
259,28.8167,-97.85,21.602521921697107,216040.0
260,35.8333,-101.45,10.6072627404342,6172.0
261,27.5333,-99.4667,23.67197428987422,75641.0
262,33.3867,-97.7164,17.402789833606413,172460.0
263,34.64,-102.7231,13.77449807777717,380106.0
264,35.8783,-102.385,13.406830399357375,63458.0
265,30.2625,-98.6289,19.505452506124424,
266,27.7411,-98.0247,22.934162365073423,171469.0
267,30.6333,-96.4667,20.379662126719758,84687.0
268,31.435,-97.4011,18.632105029057406,878916.0
269,32.5164,-94.8914,18.627013671875,56738.0
270,32.5833,-101.0,18.41567694417015,24102.0
271,32.4667,-98.6833,17.28087277569557,30620.0
272,32.5067,-97.3444,18.61872619648475,332473.0
273,33.9167,-102.3333,14.90231320299316,160987.0
274,32.8667,-98.4333,19.03720184605661,237467.0
275,30.5108,-99.7664,18.933122824166567,238385.0
276,30.6764,-97.7208,19.681229240632817,366857.0
277,29.7392,-99.7611,19.546104810514503,218779.0
278,31.8903,-104.8078,15.032021230150615,119597.0
279,31.1831,-105.3542,15.987662700756234,116768.0
280,30.2667,-100.5667,17.15782260386601,22228.0
281,32.7017,-94.9447,18.85370058103392,
282,32.15,-94.8,19.227818506297098,
283,30.095,-98.4142,18.833974956689453,1019301.0
284,36.4414,-102.0775,13.062597837430427,410515.0
285,31.8944,-104.7978,16.246405022844957,
286,29.35,-99.1667,20.44494273637587,2595.0
287,32.2631,-96.6369,18.471105277199197,550286.0
288,29.3833,-95.0333,20.5103411259542,20759.0
289,30.2833,-101.0833,19.332989248811923,12269.0
290,30.5333,-104.05,22.208131602112676,111757.0
291,30.2061,-101.5575,19.542306451550026,255314.0
292,28.8297,-97.7133,21.4570575765761,887362.0
293,29.2667,-103.3,17.721736617568478,
294,33.6189,-95.1667,18.175522587999534,
295,27.7,-97.4333,23.49062189832755,69829.0
296,30.1831,-97.68,20.198665309413375,420164.0
297,36.2353,-102.2406,-2.19921875,332112.0
298,33.1992,-97.105,18.398423069378442,984086.0
299,30.2364,-95.4828,20.950474919793553,
300,30.4333,-93.8833,20.238819077155426,
301,26.1728,-98.0786,24.523200840006965,4922.0
302,32.6139,-96.1394,18.65457474557977,32955.0
303,28.5333,-99.3333,23.97921475497159,4290.0
304,32.3847,-94.7117,19.163362106265144,267681.0
305,31.3711,-100.4922,18.720217167688425,583747.0
306,32.5339,-96.6608,18.801803878078506,722663.0
307,34.8167,-100.3667,-0.5498046875,9320.0
308,29.5811,-103.3539,23.27408614813113,721.0
309,30.5347,-94.4456,19.75073031467972,335251.0
310,30.0739,-99.1094,18.32155713875876,371072.0
311,26.3769,-98.8117,23.367031857815377,544662.0
312,30.5833,-94.4,19.34248896168708,650873.0
313,33.6744,-95.5586,17.824084032892703,1334696.0
314,32.7275,-95.1925,18.273729771720404,149262.0
315,29.185,-99.8325,21.03617212722363,118051.0
316,35.11,-101.3619,13.720952514306504,470211.0
317,32.5217,-97.8069,18.03409417003789,152026.0
318,29.7,-99.8333,18.524217919275756,51645.0
319,32.2619,-97.7064,17.99575950862761,703238.0
320,32.71,-100.9111,16.83709574689972,565006.0
321,28.7875,-97.0106,21.619058495583477,601635.0
322,31.1667,-96.8167,11.033445247933884,35039.0
323,28.3294,-97.2947,21.48326248077223,236694.0
324,36.1981,-101.1847,14.266480391946565,434823.0
325,35.6667,-101.5667,15.877894411179044,
326,35.5303,-102.2564,14.478791635590103,203986.0
327,34.7261,-100.5372,16.242824401038348,603551.0
328,30.0225,-97.5578,20.40263113079019,7015.0
329,29.3092,-97.4061,20.948452027064516,224949.0
330,29.0567,-96.2319,20.983470847143444,1322757.0
331,31.2842,-98.7589,18.72332566784274,150856.0
332,32.9203,-94.7225,19.086194516397946,879871.0
333,31.0658,-97.6919,18.932939382628014,220379.0
334,31.5064,-99.9305,18.82336330450276,580152.0
335,32.7131,-102.6597,16.32622280148825,401872.0
336,31.0328,-96.4889,19.50153615710643,472817.0
337,30.2392,-98.9089,18.91654974188139,721834.0
338,31.6164,-94.6431,18.936945227975954,597166.0
339,31.2447,-93.9658,18.27103307599852,565200.0
340,32.0817,-98.9658,17.614450637012983,460822.0
341,31.78,-103.2017,18.38494988288832,231464.0
342,31.7383,-98.9456,18.685060755609427,846529.0
343,33.9167,-98.65,18.300378886533043,168735.0
344,33.6897,-101.8219,15.677784453760717,299856.0
345,27.6667,-97.75,22.62955490814592,9772.0
346,31.5333,-97.0667,20.083241383968705,472583.0
347,34.4333,-100.25,16.91317236480554,234245.0
348,28.7167,-96.1833,18.49721928536071,0.0
349,35.0333,-102.2,15.511963534795514,5471.0
350,32.0833,-95.5833,19.488931834323346,301049.0
351,29.3258,-97.9753,20.57856592286789,371826.0
352,29.3667,-100.7833,21.22106386437172,64311.0
353,29.7986,-98.7353,18.845008183698965,1071391.0
354,34.5167,-102.8833,12.371809895833334,12836.0
355,29.4706,-96.9397,20.961904793820096,1165895.0
356,35.6936,-100.6392,14.137702635352547,570031.0
357,30.0167,-100.3,17.878323520187045,5150.0
358,26.2281,-97.6542,23.636014129253343,213762.0
359,31.6189,-97.2283,19.5129673083717,688755.0
360,29.2,-96.2653,21.43484038456733,542274.0
361,35.2361,-100.5922,15.157297165250915,327749.0
362,34.9325,-100.8903,15.142716430057186,626820.0
363,28.9275,-98.7494,21.673082896016545,336698.0
364,34.1892,-101.7022,15.165092900254528,566876.0
365,31.2333,-99.2,18.681285320504937,122133.0
366,33.4792,-100.8761,16.660893302726052,473255.0
367,32.1667,-98.3167,17.831209709785817,55277.0
368,30.1925,-103.2717,16.617844804996274,298918.0
369,30.7169,-101.2061,17.996032922054766,283817.0
370,33.1986,-101.3744,16.885800599401627,565468.0
371,32.0444,-100.1078,17.943011956207226,337423.0
372,33.4136,-99.4006,18.257405166276676,
373,36.4533,-100.5394,14.872826447358003,428080.0
374,32.0783,-98.6058,17.69875271520882,113617.0
375,30.1742,-97.2564,20.688037610791962,
376,29.6833,-101.1833,20.928110372165083,89772.0
377,29.81,-99.2497,18.76081080963698,448587.0
378,32.0408,-100.2494,17.610408410692884,92989.0
379,32.7464,-95.0497,17.971117469388012,966945.0
380,32.75,-98.9017,18.153153187023065,630779.0
381,31.2167,-99.85,17.935703431544283,35417.0
382,31.85,-96.8,22.06455054790173,21590.0
383,33.0353,-96.4861,18.152703691699294,688528.0
384,27.45,-99.0,23.598392726404953,57512.0
385,34.1981,-101.7461,14.840105780634534,99646.0
386,32.8167,-97.35,20.27663087756052,136984.0
387,26.9,-98.6,22.424699192621237,131004.0
388,32.8192,-97.3614,19.142993531482787,302730.0
389,31.35,-94.0167,18.97369308084913,613615.0
390,32.2017,-100.5003,14.851583984375,5070.0
391,33.8339,-101.8436,14.888957769113903,371423.0
392,31.5333,-101.2842,17.027171388748776,336003.0
393,31.4072,-102.3578,18.710780418954815,209934.0
394,31.1333,-95.45,18.768024131647334,290299.0
395,29.8833,-97.9494,20.0644680251337,1028775.0
396,28.8439,-96.9214,22.032623007906817,224232.0
397,29.5569,-103.3672,13.849602593315971,922.0
398,31.3028,-102.8222,18.104210449268763,271029.0
399,36.3897,-100.8239,13.219343606113176,568818.0
400,31.8836,-100.5358,18.215829991153786,375805.0
401,28.0167,-97.05,21.27970818490171,171229.0
402,31.0619,-94.1011,19.027921380322514,784229.0
403,31.6003,-97.2169,19.118823662586,507219.0
404,31.7833,-106.5,17.76094392971217,105764.0
405,28.3392,-99.6328,22.45859102352043,203598.0
406,36.1161,-100.0239,13.049195084835123,440143.0
407,31.3708,-100.4944,18.438700766238696,108351.0
408,34.3956,-100.8972,16.710521690426198,385310.0
409,32.85,-98.55,19.311035220957294,
410,29.9506,-94.0206,20.554802987319874,1099179.0
411,32.8342,-97.2981,19.134906425036906,280135.0
412,34.7333,-101.85,14.419948365331745,29492.0
413,33.1903,-96.5914,18.290893192908356,892926.0
414,35.8167,-101.45,10.699322199417374,7112.0
415,34.1333,-100.4167,17.201459745583932,
416,28.6794,-99.8311,22.206597192628074,359459.0
417,32.7019,-96.015,18.309889577489724,1078088.0
418,32.0311,-96.3989,19.627930631843714,227320.0
419,36.0167,-102.55,13.211190739887119,306623.0
420,29.2694,-103.7575,21.7899171708666,110543.0
421,28.9606,-98.4772,21.595745974446345,254525.0
422,29.7036,-98.0281,20.824173999172608,177004.0
423,27.9775,-99.3847,22.125468902663485,575978.0
424,29.4589,-103.4994,19.715100237496507,23025.0
425,30.2678,-101.4533,19.05702899242487,96565.0
426,35.5667,-102.3,14.596388086259267,196654.0
427,33.0,-94.8,18.597161574177047,
428,26.0839,-98.1369,24.056721995504038,
429,32.5669,-95.9578,34.3671875,551883.0
430,32.8711,-95.7797,17.659911876054608,652974.0
431,31.6333,-97.0667,19.39607776738125,139506.0
432,31.0833,-98.0,8.179025503305288,150397.0
433,31.0717,-98.1847,18.422173188329264,838201.0
434,31.8075,-94.1642,18.559725077829583,1090924.0
435,31.8117,-106.3708,18.493533485814144,22157.0
436,31.2803,-93.8386,19.574149747009663,
437,32.4106,-99.6822,18.20006639199151,456960.0
438,30.3333,-94.0833,19.018951590549538,738126.0
439,26.2283,-97.3483,23.50739532017721,
440,31.6181,-96.4497,18.845782172953488,969417.0
441,31.1444,-99.3492,18.34613951048793,563423.0
442,31.4406,-96.4825,19.103508691260277,24164.0
443,30.3086,-99.203,18.67902854848131,540877.0
444,33.55,-102.3758,15.186413963064705,389869.0
445,33.9558,-102.7739,14.49642309113732,83506.0
446,32.6808,-96.8681,19.436817392564826,215333.0
447,32.1614,-94.3397,18.514523244446806,864279.0
448,34.1122,-99.743,17.271472329904327,133226.0
449,29.1967,-94.9883,21.41415283524222,90955.0
450,35.2775,-102.4633,13.286965612984071,366107.0
451,32.7667,-99.89,18.51178408024468,415322.0
452,33.4367,-94.0772,17.650123613882073,694549.0
453,31.5414,-102.9122,18.573150632946177,156677.0
454,33.4833,-97.05,18.323158347999655,5139.0
455,30.5,-97.6833,21.34107545045045,4600.0
456,29.8833,-97.8667,21.170872170811137,31719.0
457,28.0836,-97.0464,22.701753495588612,172178.0
458,33.7167,-96.6667,17.835072717487314,205340.0
459,29.9142,-94.9908,20.858929383686263,908806.0
460,35.65,-101.4,14.863168482232275,80270.0
461,32.8136,-97.5756,19.102202912016928,86529.0
462,33.2331,-97.6225,18.11158481663445,631660.0
463,27.0267,-98.9808,23.691495475685933,49510.0
464,32.45,-95.3667,18.54203773043277,392654.0
465,33.8692,-102.2592,14.859141038970206,258542.0
466,31.8797,-102.3592,18.202116816790298,228389.0
467,32.2667,-96.5,31.123046875,126945.0
468,33.3,-99.2167,17.038653865158956,27609.0
469,31.8111,-106.3758,18.058875947816666,184650.0
470,30.3833,-96.1167,20.930153597851465,55363.0
471,30.5381,-95.8458,20.39354013607202,627721.0
472,34.5475,-101.7614,14.158981565408753,359015.0
473,31.7797,-95.7233,19.531689039508635,207994.0
474,28.0372,-97.8725,21.657811727543404,453766.0
475,33.8083,-100.2981,17.478320450432555,300478.0
476,27.7894,-97.6619,22.204921571886015,582482.0
477,33.08,-97.5639,17.472494214897132,430051.0
478,30.1414,-102.3917,18.212934655127842,250665.0
479,29.7,-94.1167,20.652083642187687,
480,36.0167,-102.5833,12.619804539739512,210449.0
481,33.4797,-94.6175,17.57586365448724,785592.0
482,29.2833,-103.5,21.754825398073358,8562.0
483,31.3917,-96.5656,26.511180906367482,675103.0
484,32.85,-98.05,19.35383736354479,14884.0
485,27.6833,-97.2833,22.817452254638763,555539.0
486,32.2442,-101.4536,17.917751717279256,323431.0
487,32.3122,-102.5606,17.834053948315226,32368.0
488,26.9333,-97.8,22.78425840017755,193531.0
489,28.2667,-96.8,21.522350517248455,271011.0
490,27.6722,-97.7522,25.017223563926347,3009.0
491,33.6267,-100.3369,16.95498768498067,405897.0
492,32.4667,-100.4667,17.632729560240637,15855.0
493,30.4064,-97.0133,19.76984604613,568678.0
494,34.55,-102.1,14.401540712151395,21932.0
495,31.8347,-100.9828,17.46699099300931,444317.0
496,30.7833,-94.4333,19.054348840982563,18401.0
497,31.4667,-103.4,18.407542268721517,36578.0
498,36.2361,-100.2708,13.675792623010482,386225.0
499,35.3514,-101.3897,14.291416734861713,482142.0
500,32.525,-95.1306,17.595348225865195,55998.0
501,28.25,-96.75,21.72186324475185,
502,35.7667,-102.15,13.900543569126945,7221.0
503,33.6461,-97.0592,17.458292848702314,371900.0
504,30.0592,-94.795,20.457342145097407,1590402.0
505,31.95,-96.6167,19.418054338078463,72149.0
506,30.1375,-95.1783,18.902393628192204,796427.0
507,27.4167,-97.8167,21.70023896428537,388937.0
508,29.6825,-96.8564,20.209855762732484,926348.0
509,30.0092,-97.1644,20.211010167688656,965787.0
510,31.0781,-97.3183,19.259709531164614,919015.0
511,31.8611,-97.375,18.777805841475185,632350.0
512,30.1,-97.3333,19.980876859658622,22656.0
513,36.4,-102.5667,13.219887152777778,136109.0
514,26.3231,-98.6778,23.429322435262616,5534.0
515,33.1869,-102.8281,15.29812589936449,337943.0
516,32.2314,-98.2319,17.809450869238702,613793.0
517,26.1839,-98.2539,24.054296277077775,337402.0
518,29.8,-101.5667,20.320699944772638,12130.0
519,26.1781,-97.9708,23.53294750553695,602142.0
520,30.3636,-95.0839,19.248191312099863,852251.0
521,31.0369,-100.5911,17.908032093334327,51387.0
522,31.8456,-99.5606,17.549385330303995,433615.0
523,30.25,-103.8833,16.718108866256095,41899.0
524,29.7,-96.7833,23.744208681899888,15508.0
525,25.9156,-97.4186,23.441066263351793,642101.0
526,30.9153,-94.0097,19.138740791130044,1021494.0
527,31.5192,-94.1186,19.235782752904313,673497.0
528,26.1658,-97.3458,23.8098247796691,133421.0
529,35.8656,-102.3319,9.667806628360479,307237.0
530,34.8422,-100.2103,16.680878408684027,400830.0
531,29.35,-98.45,21.257266359169897,79279.0
532,33.1833,-102.2667,15.971267770571279,170207.0
533,29.65,-103.0833,19.24518137361078,14457.0
534,32.5,-99.6167,18.324156459373764,
535,29.1572,-95.4592,20.652030133113556,1374083.0
536,26.5581,-99.1372,23.463708409458906,288334.0
537,32.7692,-94.3592,17.797650604014112,1238393.0
538,29.7047,-98.0289,20.529275441690153,88888.0
539,32.9167,-96.1333,18.77941278902873,115896.0
540,29.55,-95.7833,20.74926574649793,342698.0
541,32.6583,-94.1164,18.193165080459522,
542,29.6222,-95.6564,21.329149227301997,260577.0
543,33.2064,-97.7761,17.81890542842689,839795.0
544,34.5667,-100.3333,15.850541791523973,9484.0
545,29.6989,-96.5731,20.224813252284324,923741.0
546,33.4539,-99.6158,18.073978093770098,579476.0
547,33.1836,-94.7792,17.81500149628158,81355.0
548,31.175,-93.5653,18.410950239364507,409080.0
549,35.6689,-101.4022,15.094982360175058,372360.0
550,29.15,-98.9,21.166683036634378,116732.0
551,31.9961,-104.8333,12.843799878192204,23094.0
552,33.5333,-99.65,17.960720778582658,59689.0
553,31.0167,-94.4,18.972527503967285,413346.0
554,29.3,-98.4667,20.698833739204247,233155.0
555,33.1525,-100.2333,17.431161664417385,626095.0
556,32.8692,-97.4497,18.727765367018556,169241.0
557,31.4919,-100.6981,16.802147946765075,2444.0
558,33.4561,-101.0925,16.84036212179384,133238.0
559,29.4372,-103.9583,18.185992452349875,79851.0
560,30.8272,-100.1097,17.91421021985011,80530.0
561,32.9964,-96.7428,19.06342440788473,715741.0
562,30.105,-94.9314,20.76859614669185,
563,32.7667,-98.9333,17.632065622430098,15409.0
564,36.0072,-102.6133,12.022254059337317,69619.0
565,32.0667,-95.55,19.271570281166444,28166.0
566,33.7033,-96.6419,17.809624861126487,1240756.0
567,34.6522,-101.4969,14.397393196432729,101619.0
568,31.3131,-94.8261,19.631058772376818,
569,31.7414,-99.9764,18.415906448500664,690318.0
570,32.95,-102.5667,9.468265309053308,559.0
571,29.4667,-95.55,21.270710292107285,49124.0
572,33.2061,-97.1989,18.394037252210186,206378.0
573,32.4725,-94.7172,18.735416207759027,1372254.0
574,29.2828,-97.7675,20.906435156505196,792699.0
575,29.8667,-93.9333,20.844360012702413,337905.0
576,28.7247,-96.2536,21.322058785170242,860026.0
577,32.3978,-100.8594,18.35189592775001,421121.0
578,30.0631,-99.505,17.5874572257064,190591.0
579,30.6431,-97.0372,21.660791888855254,462738.0
580,32.4667,-100.4,17.38332267300195,14878.0
581,29.2733,-94.8592,21.798656714074365,506231.0
582,35.6869,-102.3342,14.63481953880905,38978.0
583,29.2703,-103.3003,16.870202739638614,342060.0
584,30.8192,-100.7572,17.231572067701595,36605.0
585,31.8667,-101.4814,16.789849110962503,395339.0
586,32.5269,-94.96,18.283473007649057,307278.0
587,32.2342,-97.7853,17.998834785042202,320016.0
588,32.4478,-94.5956,18.563671588154524,295753.0
589,31.0667,-104.15,17.018208795054463,108264.0
590,35.7667,-101.3333,13.357220606888632,110276.0
591,28.0422,-97.5428,21.90829531787051,697712.0
592,28.6333,-99.8667,22.046997169556658,81230.0
593,29.6703,-100.0097,19.042152248902987,440406.0
594,35.8731,-101.9725,13.720622770111122,351473.0
595,28.9667,-96.6833,20.067627992574174,297722.0
596,31.4406,-98.5903,18.538964824939203,633819.0
597,32.5781,-95.2033,21.010535346137154,744580.0
598,29.7456,-95.28,21.7290878396048,262020.0
599,32.6433,-98.3181,18.35233886845215,84035.0
600,33.1964,-95.2236,17.775428661751835,666492.0
601,29.3167,-103.2,20.682604343580163,
602,33.1644,-99.7389,17.79474853783367,765681.0
603,30.2264,-93.7394,19.6566498776447,584189.0
604,32.75,-101.6833,6.845348727318548,25578.0
605,29.7833,-94.3833,19.927604330244975,29752.0
606,28.4667,-98.55,22.338773662610343,26171.0
607,30.2806,-97.6536,22.274672397347384,9748.0
608,34.3697,-102.1175,13.777956011704598,283336.0
609,33.8128,-98.2003,17.61027400468544,780676.0
610,29.6617,-96.2597,20.962545386197736,
611,32.9833,-97.4833,18.450291224888392,9380.0
612,29.3653,-95.2336,20.085933194565538,1257306.0
613,29.6211,-96.3661,20.86693643339982,106720.0
614,32.0419,-100.2775,16.249774954172487,292002.0
615,32.4,-95.2667,17.522951040694963,319996.0
616,29.2739,-97.1556,20.948986627587995,894498.0
617,31.2208,-99.8494,18.433941728529515,432848.0
618,32.5183,-94.7189,19.137506986188402,237394.0
619,26.1333,-97.6333,23.34240020357086,334154.0
620,31.925,-104.8253,13.232713500392494,
621,31.1333,-97.7167,19.61063251201923,7707.0
622,33.6542,-101.8136,15.871724410346255,346898.0
623,32.6636,-97.0939,19.286958174896583,206065.0
624,33.3633,-97.1744,17.81364352577611,311058.0
625,28.8461,-96.9217,21.74300245925983,
626,30.9392,-95.9203,19.916649566168495,985689.0
627,33.3733,-98.7664,18.00493627513148,374319.0
628,29.4822,-95.6314,20.962863503039724,787467.0
629,29.1417,-95.2917,21.379717233215693,
630,34.4272,-100.2831,16.679875372041014,407447.0
631,33.4661,-97.5797,18.097388741977195,676565.0
632,31.9833,-95.2833,18.77497181465955,339105.0
633,32.6667,-95.4833,19.27225256631541,11119.0
634,30.0858,-93.7417,19.375459251722035,1230502.0
635,29.3272,-103.2061,19.162936358743096,222949.0
636,33.7411,-95.9219,17.766695881036387,
637,30.75,-94.4,20.106386765360956,
638,31.65,-97.2167,20.41126998747238,79554.0
639,31.9836,-106.5914,17.474769645085935,144075.0
640,33.0667,-99.6167,16.73319729477612,29933.0
641,30.8272,-100.1103,18.176082400289662,161295.0
642,28.3889,-96.8389,21.468285503663182,568138.0
643,30.7394,-94.9256,19.302301585741635,978807.0
644,32.9264,-94.9392,19.347152805114273,709071.0
645,33.3667,-94.5667,17.633512392812943,159073.0
646,31.4028,-106.0581,17.028447922399867,87705.0
647,29.2167,-99.7667,21.05033796840086,469812.0
648,31.6725,-100.7283,17.53834210469829,376845.0
649,29.3667,-98.1,25.801225142045453,56403.0
650,33.1689,-95.0056,17.74625882989757,1204043.0
651,30.6886,-101.8272,19.03875381150715,188759.0
652,31.65,-106.2833,16.67860889407024,57374.0
653,33.1481,-95.6269,17.824766379412697,1229824.0
654,33.3144,-99.2006,17.64387299966529,147887.0
655,32.1,-99.9,16.718676056930324,215191.0
656,29.1333,-103.5144,22.225282030120344,108423.0
657,27.3583,-98.3811,22.772495882807416,32876.0
658,34.5858,-102.312,13.524802521818174,311757.0
659,34.9167,-102.7333,13.279242752259035,19330.0
660,30.7333,-93.65,19.42398023566101,1015083.0
661,29.3167,-100.4144,20.345883757065458,593889.0
662,33.1908,-102.2681,15.683516686104506,314666.0
663,29.4078,-100.9275,21.255004829560946,97397.0
664,33.2542,-100.5731,16.692838427793276,377496.0
665,30.4453,-99.8045,18.46333703529781,625495.0
666,33.0642,-101.0489,17.589790387766207,140399.0
667,30.2503,-94.1786,20.238270089285713,417287.0
668,30.8,-94.1833,19.002508976894255,197308.0
669,28.3667,-97.6667,21.88103127464511,307549.0
670,29.3667,-100.9,20.436383252691964,50251.0
671,31.8311,-104.8089,16.23880653316435,61422.0
672,30.7439,-95.5861,20.557095570742263,261303.0
673,29.4608,-101.0286,20.969949627077945,284785.0
674,29.15,-95.6167,20.041631622080782,111841.0
675,33.5869,-95.9075,18.909780686901463,1119845.0
676,28.2939,-97.3297,21.393102852749738,219732.0
677,30.4333,-95.4833,23.177313165350274,90589.0
678,36.4328,-100.1369,13.91574286709769,474776.0
679,33.4167,-99.8167,18.47182892989013,175705.0
680,33.5281,-101.8761,17.030533490333795,50988.0
681,26.1917,-98.2511,23.47062002481387,393135.0
682,29.9667,-97.45,19.66067860475495,331011.0
683,29.5189,-95.2417,21.486710564302612,298764.0
684,27.5842,-97.8031,22.667438697590434,247256.0
685,28.4894,-99.8733,21.802713974849183,484296.0
686,30.5333,-95.15,18.810841071362933,591179.0
687,30.2194,-97.9878,19.743436781939337,338322.0
688,31.5167,-96.5333,18.924169209726386,125562.0
689,32.1808,-94.7964,18.42671208904378,1317365.0
690,32.3333,-100.9167,17.381158286139282,138089.0
691,28.8889,-99.0897,20.98488428326686,660119.0
692,29.4703,-98.4728,20.58704265274732,166449.0
693,29.7714,-96.1456,20.764831903809142,888135.0
694,30.35,-96.5167,20.12415050603102,181889.0
695,29.6075,-99.28,19.69394146142079,380533.0
696,32.2211,-95.7661,19.471390019883188,
697,31.4667,-93.8333,29.301835317460316,130417.0
698,29.7664,-97.3164,28.100864955357142,710141.0
699,33.0161,-94.3675,17.205345569957387,957200.0
700,34.025,-100.8117,16.524868338049487,397068.0
701,28.6611,-98.2553,21.916744791666666,354853.0
702,28.4575,-97.7061,21.420467402546958,921558.0
703,30.6333,-97.6833,19.433355949587163,413300.0
704,29.4744,-97.4481,20.4166179710631,695274.0
705,29.5,-97.45,21.627476922593726,120773.0
706,31.6333,-101.8333,16.862847102721183,48830.0
707,32.55,-102.1167,6.729200793850806,7338.0
708,33.9786,-98.4928,17.80717289591505,831812.0
709,33.35,-96.5167,18.306096810714752,485346.0
710,32.8167,-96.7167,19.655998293033317,18301.0
711,33.8761,-101.2464,5.714390345982143,371243.0
712,32.9506,-97.0553,18.354251116826667,779106.0
713,26.8706,-99.2536,23.80582761869815,233599.0
714,26.8339,-97.7078,22.94486385470639,90664.0
715,27.5969,-98.4161,22.294824027616944,306482.0
716,29.4717,-95.0833,20.773388312120375,474957.0
717,31.4269,-94.8942,18.401713548289383,417978.0
718,34.4722,-101.3006,14.167586453954389,447096.0
719,30.6222,-98.0847,19.919135838440262,112659.0
720,30.8694,-100.5994,17.719087842105505,105292.0
721,32.8978,-97.0189,19.0187514737639,606297.0
722,31.6094,-95.1342,27.522051411290324,730850.0
723,33.8167,-96.5667,17.305772381411323,564739.0
724,30.3,-98.4094,19.05082605785343,419099.0
725,33.0353,-96.1639,18.619720551436416,
726,26.535,-98.0858,23.695498521794804,
727,36.3667,-100.5333,1.7890243530273438,59578.0
728,30.3303,-95.4831,19.994471933968327,1225270.0
729,32.0628,-98.3047,17.92637933880626,853398.0
730,31.4833,-95.4833,19.631227760450848,360989.0
731,36.2631,-101.405,13.820280985877305,397990.0
732,31.305,-96.8767,19.44619682007669,852644.0
733,33.3739,-94.0456,17.665934233251647,
734,32.3483,-102.5517,17.686731618601126,193053.0
735,35.62,-103.0072,13.312079987259732,338759.0
736,30.2,-101.8333,28.532146516393443,41349.0
737,28.9167,-95.5833,19.653638932148265,36017.0
738,35.695,-101.395,16.079147558831988,115438.0
739,33.6164,-95.0717,17.535554319393686,1181807.0
740,28.7569,-100.4792,21.727878400396076,598644.0
741,32.45,-97.75,18.71077102548504,228790.0
742,27.5311,-97.8497,22.716524323479653,649064.0
743,29.6756,-97.6578,20.282782345901463,1045103.0
744,27.7839,-97.5108,22.335703117078616,574353.0
745,27.65,-97.3,22.082436671595033,144266.0
746,31.4144,-97.7019,19.400808704465256,891371.0
747,31.4364,-100.8781,17.752142506149056,62232.0
748,35.5544,-100.9736,14.012223040090412,322796.0
749,31.7456,-105.0806,16.63324926237601,47293.0
750,31.7833,-104.9,16.461468881735705,42742.0
751,33.6419,-99.2894,17.417867058574263,678557.0
752,32.8519,-96.8556,19.349869368912337,768178.0
753,30.3519,-101.2519,18.6393775481916,153315.0
754,29.7908,-100.6742,19.70427806632562,271171.0
755,29.7,-101.35,23.3949931686473,1479.0
756,30.8833,-102.8833,18.92549722539797,176706.0
757,32.8556,-100.4611,18.159773081666337,524514.0
758,30.0333,-104.5833,19.270593934547243,27008.0
759,27.2169,-97.6956,22.260134240310872,772372.0
760,27.4467,-97.2967,21.398541180398627,86213.0
761,30.7931,-94.1819,19.407567073375517,739728.0
762,32.4333,-99.85,18.07738761610223,91601.0
763,32.7817,-98.0603,18.63893235676552,533169.0
764,32.1633,-95.83,18.71908721825448,776534.0
765,31.2286,-101.9461,18.411960271103975,99096.0
766,30.5831,-100.6503,18.40621782572411,447916.0
767,32.7228,-101.9456,16.421616107015826,474947.0
768,30.4267,-101.0367,18.230429370969386,77561.0
769,29.6219,-95.6567,20.72054740366381,1219206.0
770,28.4342,-96.4278,21.621404247516942,491335.0
771,31.1333,-97.7167,20.0270729967024,131085.0
772,28.6806,-99.1833,21.46300735827776,570457.0
773,33.5833,-101.8833,14.43475622418283,3403.0
774,33.3039,-94.1583,17.872317585232633,508535.0
775,29.05,-95.5667,21.14789750500234,374923.0
776,30.5333,-96.4167,20.3437815431241,584930.0
777,31.7322,-96.2078,19.10947591061332,610864.0
778,27.9167,-97.1333,28.041429924242426,227930.0
779,28.95,-96.6833,21.54301772110633,551869.0
780,33.3333,-97.05,18.337729226595187,32550.0
781,29.3278,-99.4653,20.959824983424923,720146.0
782,29.5833,-97.95,20.696362933020975,380578.0
783,32.2833,-98.2,18.640698313888123,31275.0
784,31.8333,-106.4,17.62211266261168,31592.0
785,31.1964,-95.1461,19.394599063730126,706064.0
786,32.8242,-95.5275,18.27686534502203,375778.0
787,30.9167,-94.8333,28.43030427631579,338829.0
788,29.6597,-98.1636,20.3407737666601,951735.0
789,29.2353,-96.1817,20.611970713997522,1122773.0
790,33.1714,-101.7981,16.089383766370016,471136.0
791,35.6831,-102.33,14.157065475368176,136274.0
792,29.3317,-100.9297,20.652930626502403,125605.0
793,31.8167,-98.2667,17.73268609448014,7027.0
794,31.4167,-103.5,18.346731619373543,184651.0
795,26.0825,-98.1353,23.086593716130782,3352.0
796,35.215,-100.2503,15.159170358569787,326382.0
797,32.3067,-95.2969,19.254109365550306,460979.0
798,29.3783,-100.9269,21.431634872220027,306644.0
799,32.7333,-97.3333,19.126919374951132,104808.0
800,32.8522,-95.8864,18.278683542609038,307638.0
801,31.75,-105.0833,16.863885616740276,18134.0
802,33.1803,-96.5903,18.407435930051832,225549.0
803,28.4675,-98.2525,21.8861464137175,244674.0
804,30.05,-102.1167,19.151089056166644,95860.0
805,32.6664,-94.1781,18.523788913606328,717855.0
806,32.15,-95.1167,18.903485607336112,190193.0
807,32.4892,-94.3289,18.457530248530972,1379806.0
808,34.2192,-102.7328,13.932088422792164,440935.0
809,31.6953,-106.3217,17.938124999598273,146410.0
810,31.2361,-94.7544,19.540817809460822,1302346.0
811,27.6606,-97.3983,22.46661186306307,152730.0
812,30.9044,-99.7867,18.12590087890625,643116.0
813,29.7167,-93.8667,22.026882365598517,25804.0
814,32.0,-102.0,18.439981359976894,
815,31.7831,-95.6039,18.896268615340244,956017.0
816,29.4508,-98.7028,21.083463205284332,177976.0
817,33.3,-94.1667,17.281223508258588,217568.0
818,34.9333,-102.9833,13.146717214159866,22873.0
819,30.0481,-102.2131,20.39887774432147,57323.0
820,32.35,-94.65,18.77017998948299,567748.0
821,32.0919,-100.3253,17.803758461056773,8872.0
822,31.3072,-95.4508,19.17316195894347,1221586.0
823,27.8722,-98.6175,22.032568468885792,416898.0
824,30.0239,-100.2119,18.618136373484273,408673.0
825,32.4281,-96.8422,18.913908221161776,1019786.0
826,29.3178,-96.0847,23.505989929782526,841421.0
827,32.6475,-97.4439,18.39009116405253,607354.0
828,30.7586,-98.2339,19.281173940617826,882754.0
829,31.1833,-98.7167,18.701734952900406,505721.0
830,30.3106,-95.0867,20.21871063907732,
831,29.3483,-103.2092,19.91047760926126,40444.0
832,34.4386,-100.2183,16.743862270611142,148916.0
833,33.2333,-99.8,27.92597336065574,119945.0
834,31.6728,-102.4133,18.354053156520173,27949.0
835,29.2667,-95.895,20.662422420288706,571623.0
836,30.4167,-97.7333,19.755106147314315,173827.0
837,32.7744,-101.4539,17.607570326763568,382666.0
838,30.3125,-104.0722,15.280508158694648,174020.0
839,31.3783,-103.6331,17.98420217770186,33864.0
840,35.7167,-102.9167,13.510788265886381,114290.0
841,35.25,-102.4333,13.682569980621338,11508.0
842,28.4567,-99.2183,22.408828329959857,233807.0
843,33.6,-102.05,15.540442947990309,54635.0
844,29.8608,-98.1958,19.8429256157782,530600.0
845,27.5892,-97.4547,22.10055083875186,324388.0
846,26.5747,-98.8708,20.349114298583498,3042.0
847,33.1678,-96.0983,17.96725890501282,1208293.0
848,30.0047,-101.1772,20.181823700369552,151441.0
849,29.0167,-103.3833,23.19605997900606,5419.0
850,28.6836,-95.9733,21.436806320551998,1136935.0
851,32.3664,-99.1925,18.247329545371013,721777.0
852,27.9,-98.05,21.65622091953774,
853,32.8472,-97.4761,19.302293809728795,148440.0
854,31.9611,-96.6881,18.709473406730307,569792.0
855,30.8333,-96.6333,20.66634572347005,313532.0
856,32.3197,-100.1222,17.899155761465884,114431.0
857,33.7186,-102.7586,14.866342035851838,340322.0
858,33.6564,-97.3769,16.807291666666668,714025.0
859,28.1136,-97.4178,22.009045617803903,520200.0
860,35.2333,-101.7089,14.187138328002417,374515.0
861,28.7156,-97.1742,21.155746862395482,153520.0
862,31.8408,-103.0889,17.882334088440356,36067.0
863,26.5578,-97.4264,22.295103155209908,387623.0
864,35.9667,-101.8667,14.904450735095038,95606.0
865,36.3786,-103.0244,11.987252711845313,93577.0
866,29.2333,-99.8,21.269607629758124,164195.0
867,28.1228,-96.8022,22.988377752979822,
868,29.3389,-98.4719,21.756050056425106,169481.0
869,28.3044,-96.8231,21.229439370915358,115127.0
870,33.5511,-97.8472,17.853414152406838,776885.0
871,30.1,-96.0833,19.765809586468865,739885.0
872,31.895,-103.9183,18.35987606098857,147583.0
873,28.3,-97.2833,21.51488280244789,352392.0
874,28.5978,-98.5547,21.63617732607085,164190.0
875,36.4439,-100.3317,13.522360212053572,387517.0
876,27.5,-99.5167,22.82801655040068,156309.0
877,32.8769,-102.3758,17.510518656148538,3299.0
878,30.5844,-97.4156,19.808082382320688,196176.0
879,29.1097,-95.4619,21.188376314258697,265411.0
880,28.9567,-99.6228,21.093757202906637,203637.0
881,32.1225,-96.4867,18.86697678137897,1183970.0
882,32.9619,-102.8219,15.96424710698101,153871.0
883,30.6167,-93.9167,19.454010735749858,782586.0
884,34.6,-101.7,13.785140917707404,237934.0
885,30.2833,-97.7333,20.017327523471796,392326.0
886,27.6997,-97.1581,22.678839902149086,90402.0
887,25.9161,-97.4194,24.01526875585206,26701.0
888,30.7406,-98.2353,19.61766704672502,169508.0
889,29.6167,-95.1667,20.6025037389413,235935.0
890,29.3,-94.8,21.076992933485243,628676.0
891,32.71,-96.2672,19.07010471425453,218912.0
892,31.305,-94.2703,17.849022876257184,395347.0
893,34.9806,-101.9264,14.892028069517783,475212.0
894,31.9622,-95.2736,19.03050346228672,681233.0
895,29.5711,-104.3714,21.342305490531807,186762.0
896,31.7428,-99.3106,27.479314630681817,19072.0
897,30.2667,-100.5833,18.616534486079757,173362.0
898,29.7667,-95.3667,21.138038345883118,808290.0
899,31.9147,-105.2097,16.808626070839026,100313.0
900,27.3194,-98.6775,22.511844002566708,579015.0
901,31.0158,-104.1108,16.7434821889738,116225.0
902,26.2,-97.95,22.094119188262194,38125.0
903,30.7478,-99.2306,18.319977720340567,474764.0
904,35.7047,-101.5492,15.202024881688237,135392.0
905,29.3833,-95.0667,21.823648754331366,17910.0
906,32.2,-95.35,19.001496385923325,393748.0
907,29.2,-98.85,20.87576072485467,253985.0
908,33.1203,-98.5669,17.90997713719171,785829.0
909,30.9167,-93.9667,19.22001756108574,38057.0
910,31.6667,-95.9167,17.6312150626347,11649.0
911,32.9403,-99.8036,17.854331999959072,635822.0
912,30.57,-97.4092,19.528787874469586,638222.0
913,31.5481,-97.2072,18.990021683998904,69062.0
914,30.9119,-102.9167,19.573447983347172,71027.0
915,30.8458,-96.97,19.901928556453353,861310.0
916,33.6358,-97.1447,17.804534273965764,749901.0
917,34.0833,-101.85,15.297777378460934,76917.0
918,30.4,-97.9167,20.048509389137987,126095.0
919,28.8608,-97.0181,21.39522592268319,189893.0
920,33.1728,-97.3756,18.70742926862832,
921,30.0164,-97.4786,19.871788701717502,301612.0
922,26.2028,-97.6728,23.269543368959337,702828.0
923,32.0819,-101.4842,17.875684853830645,75649.0
924,29.5333,-96.5833,20.567051478794642,87384.0
925,32.635,-95.4822,18.448402970853166,743212.0
926,30.5892,-96.3647,20.287605877842836,714790.0
927,32.1167,-99.1667,28.350554435483872,238160.0
928,33.6403,-96.1661,17.514208228350405,1215276.0
929,30.1592,-96.3972,20.1841967994611,1289369.0
930,34.0308,-98.9117,17.409400585351854,404672.0
931,30.9072,-102.9153,18.521135993114903,255672.0
932,29.5442,-98.4839,20.74197546755021,589233.0
933,28.7833,-97.0833,21.37298007445716,116323.0
934,31.9633,-98.4942,18.25459958756994,459482.0
935,32.4481,-100.5264,17.49220268589517,486092.0
936,32.7667,-97.45,19.54017413036966,391802.0
